#label	FDA_lab_id	HHS_region	IFSAC_category	LibraryLayout	PFGE_PrimaryEnzyme_pattern	PFGE_SecondaryEnzyme_pattern	Platform	Run	asm_acc	asm_level	asm_stats_contig_n50	asm_stats_length_bp	asm_stats_n_contig	assembly_method	attribute_package	bioproject_acc	bioproject_center	biosample_acc	isolate_identifiers	collected_by	collection_date	epi_type	fullasm_id	geo_loc_name	host	host_disease	isolation_source	lat_lon	ontological_term	outbreak	sample_name	scientific_name	serovar	source_type	species_taxid	sra_center	sra_release_date	strain	sequenced_by	project_name	target_acc	target_creation_date	taxid	wgs_acc_prefix	wgs_master_acc	minsame	mindiff	computed_types	number_drugs_resistant	number_drugs_intermediate	number_drugs_susceptible	number_drugs_tested	number_amr_genes	number_core_amr_genes	AST_phenotypes	AMR_genotypes	AMR_genotypes_core	number_stress_genes	stress_genotypes	number_virulence_genes	virulence_genotypes	amrfinder_version	refgene_db_version	amrfinder_analysis_type	amrfinder_applied
PDT000052336.2|SAMN03277196|GCA_000965885.1|Enterobacter chengduensis||CIDEIMsCOL9|Microbe	NULL	NULL	NULL	NULL	NULL	NULL	NULL	NULL	GCA_000965885.1	Contig	144216	5287051	150	SPAdes v. 3.1.0	Microbe	PRJNA271006	JCVI	SAMN03277196	"CIDEIMsCOL9","Enterobacter cloacae CIDEIMsCOL9","SRS850255"	CIDEIM	2010	clinical	1713808	Colombia	Homo sapiens	NULL	bodily fluid	NULL	NULL	NULL	Enterobacter cloacae CIDEIMsCOL9	Enterobacter chengduensis	NULL	NULL	2494701	NULL	NULL	CIDEIMsCOL9	NULL	NULL	PDT000052336.2	2015-03-30	2494701	JZKT	JZKT00000000.1	NULL	NULL	NULL	0	0	0	0	11	11	NULL	"aac(3)-IIe,aacA56,blaACT-53,blaKPC-2,blaSHV,blaTEM-1,catA=HMM,fosA,oqxB,qnrB19,sul1"	"aac(3)-IIe,aacA56,blaACT-53,blaKPC-2,blaSHV,blaTEM-1,catA=HMM,fosA,oqxB,qnrB19,sul1"	31	"arsC=HMM,asr=HMM,fieF,hsp20,merA,merC=HMM,merD,merE,merP=HMM,merR,merT,ncrA,ncrB,ncrC,ncrY,pcoA,pcoB,pcoC,pcoD,pcoE,pcoR,pcoS,qacEdelta1,silA,silB,silC,silE,silF,silP,silR,silS"	2	"ybtP,ybtQ"	3.10.40	2022-08-09.1	COMBINED	1
PDT000061766.2|SAMN03283668|GCA_000958265.1|Enterobacter chengduensis||44242|Pathogen: clinical or host-associated	NULL	NULL	NULL	NULL	NULL	NULL	NULL	NULL	GCA_000958265.1	Contig	190239	5084693	103	SPAdes v. 3.1.1	Pathogen: clinical or host-associated	PRJNA259658	JCVI	SAMN03283668	"44242","GCID_ENTE_00116","SRS856869"	Barry Kreiswirth	2014	clinical	1696218	USA: NYC	NULL	NULL	NULL	NULL	NULL	NULL	NULL	Enterobacter chengduensis	NULL	NULL	2494701	NULL	NULL	44242	NULL	NULL	PDT000061766.2	2015-03-19	2494701	JZYA	JZYA00000000.1	NULL	NULL	NULL	0	0	0	0	18	18	NULL	"aac(3)-IIg,aac(6')-IIc,aac(6')-Ib,aadA1,arr,blaACT-48,blaKPC-2,blaOXA-9,blaTEM-1,catA=HMM,ere(A)=PARTIAL,floR,fosA,oqxB,qnrB4,sul1,sul2,tet(D)"	"aac(3)-IIg,aac(6')-IIc,aac(6')-Ib,aadA1,arr,blaACT-48,blaKPC-2,blaOXA-9,blaTEM-1,catA=HMM,ere(A)=PARTIAL,floR,fosA,oqxB,qnrB4,sul1,sul2,tet(D)"	32	"arsC=HMM,asr=HMM,clpK,fieF,hdeD-GI,hsp20,kefB-GI,ncrA,ncrB,ncrC,ncrY,pcoA,pcoB,pcoC,pcoD,pcoE,pcoR,pcoS,psi-GI,qacEdelta1,shsP,silA,silB,silC,silE,silF,silP,silR,silS,trxLHR,yfdX1,yfdX2"	0	NULL	3.11.2	2022-12-19.1	COMBINED	1
PDT000061767.2|SAMN03283679|GCA_000958285.1|Enterobacter chengduensis||44246|Pathogen: clinical or host-associated	NULL	NULL	NULL	NULL	NULL	NULL	NULL	NULL	GCA_000958285.1	Contig	180649	5086415	104	SPAdes v. 3.1.1	Pathogen: clinical or host-associated	PRJNA259658	JCVI	SAMN03283679	"44246","GCID_ENTE_00117","SRS856699"	Barry Kreiswirth	2014	clinical	1696258	USA: NYC	NULL	NULL	NULL	NULL	NULL	NULL	NULL	Enterobacter chengduensis	NULL	NULL	2494701	NULL	NULL	44246	NULL	NULL	PDT000061767.2	2015-03-19	2494701	JZXZ	JZXZ00000000.1	NULL	NULL	NULL	0	0	0	0	18	18	NULL	"aac(3)-IIg,aac(6')-IIc,aac(6')-Ib3,aadA1,arr,blaACT-48,blaKPC-2,blaOXA-9,blaTEM-1,catA=HMM,ere(A)=PARTIAL,floR,fosA,oqxB,qnrB4,sul1,sul2,tet(D)"	"aac(3)-IIg,aac(6')-IIc,aac(6')-Ib3,aadA1,arr,blaACT-48,blaKPC-2,blaOXA-9,blaTEM-1,catA=HMM,ere(A)=PARTIAL,floR,fosA,oqxB,qnrB4,sul1,sul2,tet(D)"	32	"arsC=HMM,asr=HMM,clpK,fieF,hdeD-GI,hsp20,kefB-GI,ncrA,ncrB,ncrC,ncrY,pcoA,pcoB,pcoC,pcoD,pcoE,pcoR,pcoS,psi-GI,qacEdelta1,shsP,silA,silB,silC,silE,silF,silP,silR,silS,trxLHR,yfdX1,yfdX2"	0	NULL	3.11.2	2022-12-19.1	COMBINED	1
PDT000067138.3|SAMN03732710|GCA_001022525.2|Enterobacter chengduensis||GN02468|Microbe	NULL	NULL	NULL	NULL	NULL	NULL	NULL	NULL	GCA_001022525.2	Contig	239382	4946421	63	SPAdes v. 3.1.1	Microbe	PRJNA259658	JCVI	SAMN03732710	"Enterobacter asburiae GN02468","GN02468","SRS953287"	Vance Fowler	2006-08-01	clinical	2803828	USA	Homo sapiens	NULL	bodily fluid	36 N 78.9 W	NULL	NULL	Enterobacter asburiae GN02468	Enterobacter chengduensis	NULL	NULL	2494701	NULL	NULL	GN02468	NULL	NULL	PDT000067138.3	2016-01-22	2494701	LEDT	LEDT00000000.2	NULL	NULL	NULL	0	0	0	0	8	8	NULL	"aadA1,aadA2,blaACT-48,catA=HMM,cmlA1,fosA,oqxB,sul1"	"aadA1,aadA2,blaACT-48,catA=HMM,cmlA1,fosA,oqxB,sul1"	34	"arsC=HMM,asr=HMM,fieF,hdeD-GI,hsp20,kefB-GI,merA,merC=HMM,merD,merE,merP=HMM,merR,merT,pcoA,pcoB,pcoC,pcoD,pcoE,pcoR,pcoS,psi-GI,qacEdelta1,shsP,silA,silB,silC,silE,silF,silP,silR,silS,trxLHR,yfdX1,yfdX2"	0	NULL	3.10.40	2022-08-09.1	COMBINED	1
PDT000067147.2|SAMN03732717|GCA_001022675.1|Enterobacter chengduensis||GN02587|Microbe	NULL	NULL	NULL	NULL	NULL	NULL	NULL	NULL	GCA_001022675.1	Contig	192277	4892918	70	SPAdes v. 3.1.0	Microbe	PRJNA259658	JCVI	SAMN03732717	"Enterobacter asburiae GN02587","GN02587","SRS953296"	Vance Fowler	2007-09-01	clinical	1801738	USA	Homo sapiens	NULL	bodily fluid	36 N 78.9 W	NULL	NULL	Enterobacter asburiae GN02587	Enterobacter chengduensis	NULL	NULL	2494701	NULL	NULL	GN02587	NULL	NULL	PDT000067147.2	2015-06-09	2494701	LEDN	LEDN00000000.1	NULL	NULL	NULL	0	0	0	0	6	6	NULL	"aadA2,blaACT-48,catA=HMM,fosA,oqxB,sul1"	"aadA2,blaACT-48,catA=HMM,fosA,oqxB,sul1"	27	"arsC=HMM,asr=HMM,fieF,hdeD-GI,hsp20,kefB-GI,pcoA,pcoB,pcoC,pcoD,pcoE,pcoR,pcoS,psi-GI,qacEdelta1,shsP,silA,silB,silC,silE,silF,silP,silR,silR=PARTIAL_END_OF_CONTIG,trxLHR,yfdX1,yfdX2"	0	NULL	3.10.40	2022-08-09.1	COMBINED	1
PDT000153242.2|SAMN04578341|GCA_001631105.1|Enterobacter chengduensis||GN04826|Pathogen: clinical or host-associated	NULL	NULL	NULL	NULL	NULL	NULL	NULL	NULL	GCA_001631105.1	Contig	47651	5064512	234	SPAdes v. 3.1.1	Pathogen: clinical or host-associated	PRJNA259658	JCVI	SAMN04578341	"GCID_ENTE_00262_biosample","GN04826","SRS1360363"	Vance Fowler	2012	clinical	3207878	USA	Homo sapiens	Bloodstream infection	NULL	36 N 78.9 W	NULL	NULL	NULL	Enterobacter chengduensis	NULL	NULL	2494701	NULL	NULL	GN04826	NULL	NULL	PDT000153242.2	2016-04-25	2494701	LVTT	LVTT00000000.1	NULL	NULL	NULL	0	0	0	0	6	6	NULL	"aadA2,blaACT-48,catA=HMM,fosA,oqxB,sul1"	"aadA2,blaACT-48,catA=HMM,fosA,oqxB,sul1"	33	"arsC=HMM,asr=HMM,clpK,fieF,hdeD-GI,hsp20,kefB-GI,ncrA,ncrB,ncrC,ncrY,pcoA,pcoB,pcoC,pcoD,pcoE,pcoR,pcoS,psi-GI,qacEdelta1,shsP,silA,silB,silC,silE,silF,silP,silR=PARTIAL_END_OF_CONTIG,silS=PARTIAL_END_OF_CONTIG,terD,trxLHR,yfdX1,yfdX2"	0	NULL	3.11.2	2023-02-23.1	COMBINED	1
PDT000186179.3|SAMN06249239|GCA_001984825.2|Enterobacter chengduensis||WCHECl-C4 = WCHECh050004|Pathogen: clinical or host-associated	NULL	NULL	NULL	NULL	NULL	NULL	NULL	NULL	GCA_001984825.2	Complete Genome	5111427	5218125	2	Unicycler v. 0.4.7	Pathogen: clinical or host-associated	PRJNA415108	West China Hospital, Sichuan University	SAMN06249239	"Enterobacter sp. WCHECl-C4","SRS1971465","WCHECl-C4 = WCHECh050004"	WCH	2015-02-01	clinical	13591408	China: Chengdu, Sichuan	Homo sapiens	liver cirrhosis, cholecystitis	blood	30.6416 N 104.061 E	NULL	NULL	Enterobacter sp. WCHECl-C4	Enterobacter chengduensis	NULL	NULL	2494701	NULL	NULL	WCHECl-C4 = WCHECh050004	NULL	NULL	PDT000186179.3	2019-09-03	2494701	NULL	NULL	NULL	NULL	NULL	0	0	0	0	6	6	NULL	"blaACT-53,blaLAP-2,catA=HMM,fosA,oqxB,qnrS1"	"blaACT-53,blaLAP-2,catA=HMM,fosA,oqxB,qnrS1"	21	"arsC=HMM,asr=HMM,fieF,ncrA,ncrB,ncrC,pcoA,pcoB,pcoC,pcoD,pcoE,pcoR,pcoS,silA,silB,silC,silE,silF,silP,silR,silS"	0	NULL	3.11.2	2023-02-23.1	COMBINED	1
PDT000418508.2|SAMN10525011|GCA_003944655.1|Enterobacter chengduensis||WCHECh090071|Microbe	NULL	NULL	NULL	NULL	NULL	NULL	NULL	NULL	GCA_003944655.1	Contig	107412	4933607	95	Unicycler v. 0.4.7	Microbe	PRJNA415108	West China Hospital, Sichuan University	SAMN10525011	"090071","The Microbe sample of Enterobacter chengduensis strain WCHECh090071","WCHECh090071"	NULL	2016-09	clinical	8081548	China: Chengdu, Sichuan	Homo sapiens	NULL	sputum	NULL	NULL	NULL	The Microbe sample of Enterobacter chengduensis strain WCHECh090071	Enterobacter chengduensis	NULL	NULL	2494701	NULL	NULL	WCHECh090071	NULL	NULL	PDT000418508.2	2018-12-12	2494701	RWHT	RWHT00000000.1	NULL	NULL	NULL	0	0	0	0	4	4	NULL	"blaACT-53,catA=HMM,fosA,oqxB"	"blaACT-53,catA=HMM,fosA,oqxB"	22	"arsC=HMM,asr=HMM,fieF,hsp20,ncrA,ncrB,ncrC,pcoA,pcoB,pcoC,pcoD,pcoE,pcoR,pcoS,silA,silB,silC,silE,silF,silP,silR,silS"	0	NULL	3.10.42	2022-10-11.2	COMBINED	1
PDT000749049.2|SAMN07291402|GCA_013169855.1|Enterobacter chengduensis||C2-143-1|Pathogen: clinical or host-associated	NULL	NULL	NULL	NULL	NULL	NULL	NULL	NULL	GCA_013169855.1	Contig	113034	5199769	120	CLC Genomics Workbench v. 8.5	Pathogen: clinical or host-associated	PRJNA391501	University of Antioquia	SAMN07291402	"C2-143-1"	NULL	2015-05-28	clinical	19707488	Colombia:Antioquia, Bello	Homo sapiens	Bacterial infectious disease	blood	6.24 N 75.58 W	NULL	NULL	C2-143-1	Enterobacter chengduensis	NULL	NULL	2494701	NULL	NULL	C2-143-1	NULL	NULL	PDT000749049.2	2020-05-26	2494701	SWHP	SWHP00000000.1	NULL	NULL	NULL	0	0	0	0	10	10	NULL	"aac(3)-IIe,aph(3'')-Ib,aph(6)-Id,blaACT-53,blaKPC-2,blaTEM-1,catA=HMM,fosA,oqxB,qnrB19"	"aac(3)-IIe,aph(3'')-Ib,aph(6)-Id,blaACT-53,blaKPC-2,blaTEM-1,catA=HMM,fosA,oqxB,qnrB19"	30	"arsC=HMM,asr=HMM,clpK,fieF,hsp20,merA,merC=HMM,merD,merE,merP=HMM,merR,merT,ncrA,ncrB,ncrC,pcoA,pcoB,pcoC,pcoD,pcoE,pcoR,pcoS,silA,silB,silC,silE,silF,silP,silR,silS"	2	"ybtP,ybtQ"	3.11.2	2023-04-17.1	COMBINED	1
PDT000984808.2|SAMN16561281|GCA_017312015.1|Enterobacter chengduensis||IR5473|Microbe	NULL	NULL	NULL	NULL	NULL	NULL	NULL	NULL	GCA_017312015.1	Contig	138231	5060412	93	SOAPdenovo v. 2.21	Microbe	PRJNA672237	Chinese PLA General Hospital	SAMN16561281	"IR5473"	NULL	2018-01-12	clinical	25496308	China: Beijing	Homo sapiens	NULL	NULL	NULL	NULL	NULL	IR5473	Enterobacter chengduensis	NULL	NULL	2494701	NULL	NULL	IR5473	NULL	NULL	PDT000984808.2	2021-03-09	2494701	JADKYK	JADKYK000000000.1	NULL	NULL	NULL	0	0	0	0	18	18	NULL	"aac(3)-IIe,aac(6')-Ib-cr5,aph(3'')-Ib,aph(3')-VIb,aph(6)-Id,blaACT-53,blaCTX-M-14,blaCTX-M-15,blaOXA-1,blaOXA-48,catA=HMM,catB3=PARTIAL,dfrA14,erm(B),fosA,oqxB,qnrB1,tet(A)"	"aac(3)-IIe,aac(6')-Ib-cr5,aph(3'')-Ib,aph(3')-VIb,aph(6)-Id,blaACT-53,blaCTX-M-14,blaCTX-M-15,blaOXA-1,blaOXA-48,catA=HMM,catB3=PARTIAL,dfrA14,erm(B),fosA,oqxB,qnrB1,tet(A)"	30	"arsC=HMM,asr=HMM,clpK,fieF,hsp20,merA,merC=HMM,merD,merE,merP=HMM,merR,merT,ncrA,ncrB,ncrC,pcoA,pcoB,pcoC,pcoD,pcoE,pcoR,pcoS,silA,silB,silC,silE,silF,silP,silR,silS"	2	"ybtP,ybtQ"	3.11.2	2023-02-23.1	COMBINED	1
PDT001055866.2|SAMN19316177|GCA_018596655.1|Enterobacter chengduensis||120076|Microbe	NULL	NULL	NULL	NULL	NULL	NULL	NULL	NULL	GCA_018596655.1	Contig	131377	5443680	142	SPAdes v. 3.15.2	Microbe	PRJNA415108	West China Hospital, Sichuan University	SAMN19316177	"120076","The Microbe sample of Enterobacter chengduensis strain 120076"	NULL	2019-04	clinical	27044438	China: Chengdu, Sichuan	Homo sapiens	NULL	blood	NULL	NULL	NULL	The Microbe sample of Enterobacter chengduensis strain 120076	Enterobacter chengduensis	NULL	NULL	2494701	NULL	NULL	120076	NULL	NULL	PDT001055866.2	2021-05-30	2494701	JAHETZ	JAHETZ000000000.1	NULL	NULL	NULL	0	0	0	0	15	15	NULL	"aac(3)-IIg,aac(6')-IIc,aac(6')-Ib3,arr,blaACT-53,blaDHA-1,blaSHV-12,catA=HMM,catA2,ere(A)=PARTIAL,fosA,oqxB,qnrB4,sul1=PARTIAL_END_OF_CONTIG,tet(D)"	"aac(3)-IIg,aac(6')-IIc,aac(6')-Ib3,arr,blaACT-53,blaDHA-1,blaSHV-12,catA=HMM,catA2,ere(A)=PARTIAL,fosA,oqxB,qnrB4,sul1=PARTIAL_END_OF_CONTIG,tet(D)"	35	"arsC=HMM,arsD,arsD=HMM,arsR,asr=HMM,fieF,merA=HMM,merC=HMM,merD,merE,merP,merR,merT,ncrA,ncrB,ncrC,pcoA,pcoB,pcoC,pcoD,pcoE,pcoR,pcoS,qacE=PARTIAL_END_OF_CONTIG,silA,silB,silC,silE,silF,silP,silR,silS=PARTIAL_END_OF_CONTIG,terD,terW,terZ"	0	NULL	3.11.2	2023-04-17.1	COMBINED	1
PDT001055869.2|SAMN19316168|GCA_018596725.1|Enterobacter chengduensis||120062|Microbe	NULL	NULL	NULL	NULL	NULL	NULL	NULL	NULL	GCA_018596725.1	Contig	130958	5442691	136	SPAdes v. 3.15.2	Microbe	PRJNA415108	West China Hospital, Sichuan University	SAMN19316168	"120062","The Microbe sample of Enterobacter chengduensis strain 120062"	NULL	2019-04	clinical	27044498	China: Chengdu, Sichuan	Homo sapiens	NULL	blood	NULL	NULL	NULL	The Microbe sample of Enterobacter chengduensis strain 120062	Enterobacter chengduensis	NULL	NULL	2494701	NULL	NULL	120062	NULL	NULL	PDT001055869.2	2021-05-30	2494701	JAHETQ	JAHETQ000000000.1	NULL	NULL	NULL	0	0	0	0	15	15	NULL	"aac(3)-IIg,aac(6')-IIc,aac(6')-Ib3,arr,blaACT-53,blaDHA-1,blaSHV-12,catA=HMM,catA2,ere(A)=PARTIAL,fosA,oqxB,qnrB4,sul1=PARTIAL_END_OF_CONTIG,tet(D)"	"aac(3)-IIg,aac(6')-IIc,aac(6')-Ib3,arr,blaACT-53,blaDHA-1,blaSHV-12,catA=HMM,catA2,ere(A)=PARTIAL,fosA,oqxB,qnrB4,sul1=PARTIAL_END_OF_CONTIG,tet(D)"	35	"arsC=HMM,arsD,arsD=HMM,arsR,asr=HMM,fieF,merA=HMM,merC=HMM,merD,merE,merP,merR,merT,ncrA,ncrB,ncrC,pcoA,pcoB,pcoC,pcoD,pcoE,pcoR,pcoS,qacE=PARTIAL_END_OF_CONTIG,silA,silB,silC,silE,silF,silP,silR,silS=PARTIAL_END_OF_CONTIG,terD,terW,terZ"	0	NULL	3.11.2	2023-04-17.1	COMBINED	1
PDT001221524.1|SAMN15913968|GCA_021449665.1|Enterobacter chengduensis||GENC165|MIGS Cultured Bacterial/Archaeal	NULL	NULL	NULL	PAIRED	NULL	NULL	ILLUMINA	SRR12525863	GCA_021449665.1	Contig	92654	5540554	159	SKESA v. 2.2	MIGS Cultured Bacterial/Archaeal	PRJNA659514	Institut Pasteur Guadeloupe	SAMN15913968	"Enterobacter chengduensis GENC165","GENC165","SRS7266727"	NULL	2018-10	NULL	30929058	Guadeloupe	NULL	NULL	NULL	16.234046 N 61.563603 W	NULL	NULL	Enterobacter chengduensis GENC165	Enterobacter chengduensis	NULL	NULL	2494701	INSTITUT PASTEUR GUADELOUPE	2020-10-13	GENC165	NULL	NULL	PDT001221524.1	2022-01-12	2494701	DAFLOU	DAFLOU000000000.1	NULL	NULL	NULL	0	0	0	0	20	20	NULL	"aac(3)-IIe,aac(6')-Ib-cr5,aadA1,aadA2,aph(3'')-Ib,aph(6)-Id,blaACT-48,blaCTX-M-15,blaOXA-1,blaTEM-1,catA=HMM,catA1,catB3=PARTIAL_END_OF_CONTIG,dfrA14,fosA,oqxB,qnrB1,sul1,sul2,tet(A)"	"aac(3)-IIe,aac(6')-Ib-cr5,aadA1,aadA2,aph(3'')-Ib,aph(6)-Id,blaACT-48,blaCTX-M-15,blaOXA-1,blaTEM-1,catA=HMM,catA1,catB3=PARTIAL_END_OF_CONTIG,dfrA14,fosA,oqxB,qnrB1,sul1,sul2,tet(A)"	28	"arsC,arsC=HMM,asr=HMM,fieF,merB,merD,merE=HMM,merR,pcoA,pcoB,pcoC,pcoD,pcoE,pcoR,pcoS,pcoS=PARTIAL_END_OF_CONTIG,qacEdelta1,silA,silB,silC,silE,silF,silP,silR,silS,terD,terW,terZ"	0	NULL	3.10.18	2021-09-30.1	COMBINED	1
PDT001221526.1|SAMN15913966|GCA_021449685.1|Enterobacter chengduensis||GENC139|MIGS Cultured Bacterial/Archaeal	NULL	NULL	NULL	PAIRED	NULL	NULL	ILLUMINA	SRR12525865	GCA_021449685.1	Contig	119415	5486880	134	SKESA v. 2.2	MIGS Cultured Bacterial/Archaeal	PRJNA659514	Institut Pasteur Guadeloupe	SAMN15913966	"Enterobacter chengduensis GENC139","GENC139","SRS7266725"	NULL	2018-09	clinical	30929078	Guadeloupe	Homo sapiens	NULL	blood	16.236803 N 61.525421 W	NULL	NULL	Enterobacter chengduensis GENC139	Enterobacter chengduensis	NULL	NULL	2494701	INSTITUT PASTEUR GUADELOUPE	2020-10-13	GENC139	NULL	NULL	PDT001221526.1	2022-01-12	2494701	DAFLOL	DAFLOL000000000.1	NULL	NULL	NULL	0	0	0	0	16	16	NULL	"aac(3)-IIe,aac(6')-Ib-cr5,aph(3'')-Ib,aph(6)-Id,blaACT-63,blaCTX-M-15,blaOXA-1,blaTEM-1,catA=HMM,catB3=PARTIAL_END_OF_CONTIG,dfrA14,fosA,oqxB,qnrB1,sul2,tet(A)"	"aac(3)-IIe,aac(6')-Ib-cr5,aph(3'')-Ib,aph(6)-Id,blaACT-63,blaCTX-M-15,blaOXA-1,blaTEM-1,catA=HMM,catB3=PARTIAL_END_OF_CONTIG,dfrA14,fosA,oqxB,qnrB1,sul2,tet(A)"	29	"arsC,arsC=HMM,arsC=PARTIAL_END_OF_CONTIG,arsD=HMM,asr=HMM,fieF,merB,merD,merE=HMM,merP=HMM,merR,pcoA,pcoB,pcoC,pcoD,pcoE,pcoR,pcoS,silA,silB,silC,silE,silF,silP=MISTRANSLATION,silR,silS,terD,terW,terZ"	0	NULL	3.10.18	2021-09-30.1	COMBINED	1
PDT001221535.1|SAMN15913975|GCA_021449605.1|Enterobacter chengduensis||GENC308|MIGS Cultured Bacterial/Archaeal	NULL	NULL	NULL	PAIRED	NULL	NULL	ILLUMINA	SRR12525874	GCA_021449605.1	Contig	115655	5602649	139	SKESA v. 2.2	MIGS Cultured Bacterial/Archaeal	PRJNA659514	Institut Pasteur Guadeloupe	SAMN15913975	"Enterobacter chengduensis GENC308","GENC308","SRS7266717"	NULL	2019-02	NULL	30928998	Guadeloupe	NULL	NULL	NULL	16.238407 N 61.527032 W	NULL	NULL	Enterobacter chengduensis GENC308	Enterobacter chengduensis	NULL	NULL	2494701	INSTITUT PASTEUR GUADELOUPE	2020-10-13	GENC308	NULL	NULL	PDT001221535.1	2022-01-12	2494701	DAFLQJ	DAFLQJ000000000.1	NULL	NULL	NULL	0	0	0	0	20	20	NULL	"aac(3)-IIe,aac(6')-Ib-cr5,aadA1,aadA2,aph(3'')-Ib,aph(6)-Id,blaACT-48,blaCTX-M-15,blaOXA-1,blaTEM-1,catA=HMM,catA1,catB3=PARTIAL_END_OF_CONTIG,dfrA14,fosA,oqxB,qnrB1,sul1,sul2,tet(A)"	"aac(3)-IIe,aac(6')-Ib-cr5,aadA1,aadA2,aph(3'')-Ib,aph(6)-Id,blaACT-48,blaCTX-M-15,blaOXA-1,blaTEM-1,catA=HMM,catA1,catB3=PARTIAL_END_OF_CONTIG,dfrA14,fosA,oqxB,qnrB1,sul1,sul2,tet(A)"	28	"arsC,arsC=HMM,asr=HMM,fieF,merB,merD,merE=HMM,merR,pcoA,pcoB,pcoC,pcoD,pcoE,pcoR,pcoS,pcoS=PARTIAL_END_OF_CONTIG,qacEdelta1,silA,silB,silC,silE,silF,silP,silR,silS,terD,terW,terZ"	0	NULL	3.10.18	2021-09-30.1	COMBINED	1
PDT001221537.1|SAMN15913973|GCA_021449765.1|Enterobacter chengduensis||GENC279|MIGS Cultured Bacterial/Archaeal	NULL	NULL	NULL	PAIRED	NULL	NULL	ILLUMINA	SRR12525876	GCA_021449765.1	Contig	116593	5358014	126	SKESA v. 2.2	MIGS Cultured Bacterial/Archaeal	PRJNA659514	Institut Pasteur Guadeloupe	SAMN15913973	"Enterobacter chengduensis GENC279","GENC279","SRS7266713"	NULL	2018-10	NULL	30929178	Guadeloupe	NULL	NULL	NULL	16.235413 N 61.562432 W	NULL	NULL	Enterobacter chengduensis GENC279	Enterobacter chengduensis	NULL	NULL	2494701	INSTITUT PASTEUR GUADELOUPE	2020-10-13	GENC279	NULL	NULL	PDT001221537.1	2022-01-12	2494701	DAFLQE	DAFLQE000000000.1	NULL	NULL	NULL	0	0	0	0	18	18	NULL	"aac(3)-IIe,aac(6')-Ib-cr5,aadA2,aph(3'')-Ib,aph(6)-Id,blaACT-48,blaCTX-M-15,blaOXA-1,blaTEM-1,catA=HMM,catB3=PARTIAL_END_OF_CONTIG,dfrA14,fosA,oqxB,qnrB1,sul1,sul2,tet(A)"	"aac(3)-IIe,aac(6')-Ib-cr5,aadA2,aph(3'')-Ib,aph(6)-Id,blaACT-48,blaCTX-M-15,blaOXA-1,blaTEM-1,catA=HMM,catB3=PARTIAL_END_OF_CONTIG,dfrA14,fosA,oqxB,qnrB1,sul1,sul2,tet(A)"	22	"asr=HMM,fieF,merB,merD,merE=HMM,merR,pcoA,pcoB,pcoC,pcoD,pcoE,pcoR,pcoS,qacEdelta1,silA,silB,silC,silE,silF,silP,silR,silS"	0	NULL	3.10.18	2021-09-30.1	COMBINED	1
PDT001292675.2|SAMN27549414|GCA_023060495.1|Enterobacter chengduensis||CCBH27266|Pathogen: clinical or host-associated	NULL	NULL	NULL	NULL	NULL	NULL	NULL	NULL	GCA_023060495.1	Contig	131141	5098516	100	SPAdes v. 3.13.0	Pathogen: clinical or host-associated	PRJNA677881	Instituto Oswaldo Cruz	SAMN27549414	"CCBH27266"	LACEN/ES	2019-10-17	clinical	32860188	Brazil	Homo sapiens	not available	bone tissue fragment	10 S 52 W	NULL	NULL	CCBH27266	Enterobacter chengduensis	NULL	NULL	2494701	NULL	NULL	CCBH27266	NULL	NULL	PDT001292675.2	2022-04-19	2494701	JALLDI	JALLDI000000000.1	NULL	NULL	NULL	0	0	0	0	12	12	NULL	"aac(3)-IIe,aac(6')-Ib-cr5,blaACT,blaCTX-M-15,blaOXA-1,catA=HMM,catB3=PARTIAL_END_OF_CONTIG,dfrA14,fosA,oqxB,qnrB1,tet(A)"	"aac(3)-IIe,aac(6')-Ib-cr5,blaACT,blaCTX-M-15,blaOXA-1,catA=HMM,catB3=PARTIAL_END_OF_CONTIG,dfrA14,fosA,oqxB,qnrB1,tet(A)"	28	"arsC=HMM,asr=HMM,fieF,merA,merC=HMM,merD,merE,merP=HMM,merR,merT,ncrA,ncrB,ncrC,pcoA,pcoB,pcoC,pcoD,pcoE,pcoR,pcoS,silA,silB,silC,silE,silF,silP,silR,silS"	2	"ybtP,ybtQ"	3.11.2	2023-04-17.1	COMBINED	1
PDT001297077.2|SAMN25419548|GCA_023152255.1|Enterobacter chengduensis||AR1284|Pathogen: clinical or host-associated	NULL	NULL	NULL	NULL	NULL	NULL	NULL	NULL	GCA_023152255.1	Contig	138081	5079913	90	Shovill v. 0.9.0	Pathogen: clinical or host-associated	PRJNA801924	Sir Run Run Shaw Hospital	SAMN25419548	"AR1284","AR1284-yvys"	Yushan Cui	2018	clinical	32995328	China	Homo sapiens	Not collected	sputum	29.86 N 121.56 E	NULL	NULL	AR1284-yvys	Enterobacter chengduensis	NULL	NULL	2494701	NULL	NULL	AR1284	NULL	NULL	PDT001297077.2	2022-04-27	2494701	JAKMNK	JAKMNK000000000.1	NULL	NULL	NULL	0	0	0	0	4	4	NULL	"blaACT-53,catA=HMM,fosA,oqxB"	"blaACT-53,catA=HMM,fosA,oqxB"	21	"arsC=HMM,asr=HMM,fieF,ncrA,ncrB,ncrC,pcoA,pcoB,pcoC,pcoD,pcoE,pcoR,pcoS,silA,silB,silC,silE,silF,silP,silR,silS"	0	NULL	3.11.2	2023-04-17.1	COMBINED	1
PDT001297153.2|SAMN25419472|GCA_023153765.1|Enterobacter chengduensis||141186|Pathogen: clinical or host-associated	NULL	NULL	NULL	NULL	NULL	NULL	NULL	NULL	GCA_023153765.1	Contig	168868	5225503	104	Shovill v. 0.9.0	Pathogen: clinical or host-associated	PRJNA801924	Sir Run Run Shaw Hospital	SAMN25419472	"141186","141186-yvys"	Yushan Cui	2014	clinical	32996848	China	Homo sapiens	Not collected	sputum	29.86 N 121.56 E	NULL	NULL	141186-yvys	Enterobacter chengduensis	NULL	NULL	2494701	NULL	NULL	141186	NULL	NULL	PDT001297153.2	2022-04-27	2494701	JAKMKM	JAKMKM000000000.1	NULL	NULL	NULL	0	0	0	0	12	12	NULL	"aadA2,aph(3'')-Ib,aph(6)-Id,blaACT-53,blaCTX-M-3,blaTEM-1,catA=HMM,dfrA12,fosA,oqxB,qnrS1,sul1"	"aadA2,aph(3'')-Ib,aph(6)-Id,blaACT-53,blaCTX-M-3,blaTEM-1,catA=HMM,dfrA12,fosA,oqxB,qnrS1,sul1"	29	"arsC=HMM,asr=HMM,fieF,merB,merD,merE=HMM,merR,ncrA,ncrB,ncrC,pcoA,pcoB,pcoC,pcoD,pcoE,pcoR,pcoS,qacEdelta1,silA,silB,silC,silE,silF,silP,silR,silS,terD,terW,terZ"	0	NULL	3.11.2	2023-04-17.1	COMBINED	1
PDT001297178.2|SAMN25419447|GCA_023154275.1|Enterobacter chengduensis||14278|Pathogen: clinical or host-associated	NULL	NULL	NULL	NULL	NULL	NULL	NULL	NULL	GCA_023154275.1	Contig	250342	4759146	57	Shovill v. 0.9.0	Pathogen: clinical or host-associated	PRJNA801924	Sir Run Run Shaw Hospital	SAMN25419447	"14278","14278-yvys"	Yushan Cui	2014	clinical	32997348	China	Homo sapiens	Not collected	bile	29.86 N 121.56 E	NULL	NULL	14278-yvys	Enterobacter chengduensis	NULL	NULL	2494701	NULL	NULL	14278	NULL	NULL	PDT001297178.2	2022-04-27	2494701	JAKMJN	JAKMJN000000000.1	NULL	NULL	NULL	0	0	0	0	4	4	NULL	"blaACT-48,catA=HMM,fosA,oqxB"	"blaACT-48,catA=HMM,fosA,oqxB"	18	"arsC=HMM,asr=HMM,fieF,pcoA,pcoB,pcoC,pcoD,pcoE,pcoR,pcoS,silA,silB,silC,silE,silF,silP,silR,silS"	0	NULL	3.11.2	2023-04-17.1	COMBINED	1
PDT001297210.2|SAMN25419413|GCA_023154935.1|Enterobacter chengduensis||11866|Pathogen: clinical or host-associated	NULL	NULL	NULL	NULL	NULL	NULL	NULL	NULL	GCA_023154935.1	Scaffold	230301	5023005	94	Shovill v. 0.9.0	Pathogen: clinical or host-associated	PRJNA801924	Sir Run Run Shaw Hospital	SAMN25419413	"11866","11866-yvys"	Yushan Cui	2011	clinical	32998018	China	Homo sapiens	Not collected	blood	29.86 N 121.56 E	NULL	NULL	11866-yvys	Enterobacter chengduensis	NULL	NULL	2494701	NULL	NULL	11866	NULL	NULL	PDT001297210.2	2022-04-27	2494701	JAKMIF	JAKMIF000000000.1	NULL	NULL	NULL	0	0	0	0	11	11	NULL	"aac(6')-Ib-cr5,arr-3,blaACT,blaOXA-1,catA=HMM,catB3,fosA,oqxB,qnrA1,sul1,tet(B)"	"aac(6')-Ib-cr5,arr-3,blaACT,blaOXA-1,catA=HMM,catB3,fosA,oqxB,qnrA1,sul1,tet(B)"	29	"arsC=HMM,asr=HMM,fieF,merA,merC=HMM,merD,merE,merP=HMM,merR,merT,pcoA,pcoB,pcoC,pcoD,pcoE,pcoR,pcoS,qacE=PARTIAL_END_OF_CONTIG,silA,silB,silC,silE,silF,silP,silR,silS,terD,terW,terZ"	0	NULL	3.11.2	2023-04-17.1	COMBINED	1
PDT001297217.2|SAMN25419407|GCA_023155075.1|Enterobacter chengduensis||11132|Pathogen: clinical or host-associated	NULL	NULL	NULL	NULL	NULL	NULL	NULL	NULL	GCA_023155075.1	Scaffold	832508	4528477	24	Shovill v. 0.9.0	Pathogen: clinical or host-associated	PRJNA801924	Sir Run Run Shaw Hospital	SAMN25419407	"11132","11132-yvys"	Yushan Cui	2011	clinical	32998148	China	Homo sapiens	Not collected	sputum	29.86 N 121.56 E	NULL	NULL	11132-yvys	Enterobacter chengduensis	NULL	NULL	2494701	NULL	NULL	11132	NULL	NULL	PDT001297217.2	2022-04-27	2494701	JAKMHZ	JAKMHZ000000000.1	NULL	NULL	NULL	0	0	0	0	4	4	NULL	"blaACT,catA=HMM,fosA,oqxB"	"blaACT,catA=HMM,fosA,oqxB"	3	"arsC=HMM,asr=HMM,fieF"	0	NULL	3.11.2	2023-04-17.1	COMBINED	1
PDT001317262.1|SAMN28744030|GCA_023593125.1|Enterobacter chengduensis|||Pathogen: clinical or host-associated	NULL	NULL	NULL	PAIRED	NULL	NULL	ILLUMINA	SRR19442282	GCA_023593125.1	Contig	66340	5508307	227	SKESA v. 2.2	Pathogen: clinical or host-associated	PRJNA797179	Queensland Genomics	SAMN28744030	"M89665","SRS13210712"	NULL	2018-10-23	clinical	33657478	Australia:Queensland	Homo sapiens	not collected	blood	NULL	NULL	NULL	M89665	Enterobacter chengduensis	NULL	NULL	2494701	UNIVERSITY OF QUEENSLAND	2022-05-29	NULL	NULL	NULL	PDT001317262.1	2022-05-29	2494701	DAHIGL	DAHIGL000000000.1	NULL	NULL	NULL	0	0	0	0	19	18	NULL	"aac(3)-IId,aac(6')-Ib-cr5,aph(3'')-Ib,aph(6)-Id,arr-3,blaACT-53,blaOXA-1,blaSHV-12,blaTEM-1,catA=HMM,catA2,catB3,fosA,mcr-9.1,mph(A),oqxB,qnrB2,sul1,tet(D)"	"aac(3)-IId,aac(6')-Ib-cr5,aph(3'')-Ib,aph(6)-Id,arr-3,blaACT-53,blaOXA-1,blaSHV-12,blaTEM-1,catA=HMM,catA2,catB3,fosA,mph(A),oqxB,qnrB2,sul1,tet(D)"	34	"arsC,arsC=HMM,asr=HMM,fieF,merA,merC=HMM,merD,merE,merP=HMM,merR,merT,ncrA,ncrB,ncrC,pcoA,pcoB,pcoC,pcoD,pcoE,pcoR,pcoS,pcoS=PARTIAL_END_OF_CONTIG,qacEdelta1,silA,silB,silC,silE,silF,silP,silR,silS,terD,terW,terZ"	0	NULL	3.10.24	2022-04-04.1	COMBINED	1
PDT001323955.1|SAMN28668712|GCA_024110995.1|Enterobacter chengduensis|||Pathogen: clinical or host-associated	NULL	NULL	NULL	PAIRED	NULL	NULL	ILLUMINA	SRR19561460	GCA_024110995.1	Contig	37252	5532482	352	SKESA v. 2.2	Pathogen: clinical or host-associated	PRJNA797179	Queensland Genomics	SAMN28668712	"M1232","SRS13314304"	NULL	2020-12-15	clinical	34418788	Australia:Queensland	Homo sapiens	not collected	Rectal Swab	NULL	NULL	NULL	M1232	Enterobacter chengduensis	NULL	NULL	2494701	UNIVERSITY OF QUEENSLAND	2022-06-07	NULL	NULL	NULL	PDT001323955.1	2022-06-07	2494701	DAHUVW	DAHUVW000000000.1	NULL	NULL	NULL	0	0	0	0	26	25	NULL	"aac(3)-IId,aac(6')-Ib-cr5,aac(6')-Ib4,aadA2,aph(3'')-Ib,aph(6)-Id,arr-3,blaACT-53,blaIMP-4,blaOXA=PARTIAL_END_OF_CONTIG,blaSHV-12,blaTEM-1,catA=HMM,catA2,catA2=PARTIAL_END_OF_CONTIG,catB3,dfrA12,dfrA19,fosA,mcr-9.1,mph(A),oqxA=PARTIAL_END_OF_CONTIG,oqxB,qnrA1,sul1,tet(D)"	"aac(3)-IId,aac(6')-Ib-cr5,aac(6')-Ib4,aadA2,aph(3'')-Ib,aph(6)-Id,arr-3,blaACT-53,blaIMP-4,blaOXA=PARTIAL_END_OF_CONTIG,blaSHV-12,blaTEM-1,catA=HMM,catA2,catA2=PARTIAL_END_OF_CONTIG,catB3,dfrA12,dfrA19,fosA,mph(A),oqxA=PARTIAL_END_OF_CONTIG,oqxB,qnrA1,sul1,tet(D)"	38	"arsC,arsC=HMM,arsD=HMM,asr=HMM,fieF,merA,merA=HMM,merC=HMM,merD,merE,merE=HMM,merF,merP,merP=HMM,merR,merT,pcoA,pcoB,pcoC,pcoD,pcoE,pcoR,pcoS,pcoS=PARTIAL_END_OF_CONTIG,qacE=PARTIAL_END_OF_CONTIG,qacEdelta1,qacG2,silA,silB,silC,silE,silF,silP,silR,silS,terD,terW,terZ"	0	NULL	3.10.30	2022-05-26.1	COMBINED	1
PDT001323966.1|SAMN28668607|GCA_023684485.1|Enterobacter chengduensis|||Pathogen: clinical or host-associated	NULL	NULL	NULL	PAIRED	NULL	NULL	ILLUMINA	SRR19561471	GCA_023684485.1	Contig	53927	5557316	260	SKESA v. 2.2	Pathogen: clinical or host-associated	PRJNA797179	Queensland Genomics	SAMN28668607	"M07468","SRS13314294"	NULL	2020-09-13	clinical	33784248	Australia:Queensland	Homo sapiens	not collected	Rectal Swab	NULL	NULL	NULL	M07468	Enterobacter chengduensis	NULL	NULL	2494701	UNIVERSITY OF QUEENSLAND	2022-06-07	NULL	NULL	NULL	PDT001323966.1	2022-06-07	2494701	DAHJSI	DAHJSI000000000.1	NULL	NULL	NULL	0	0	0	0	24	23	NULL	"aac(3)-IId,aac(6')-Ib-cr5,aac(6')-Ib4,aadA2,aph(3'')-Ib,aph(6)-Id,arr-3,blaACT-53,blaIMP-4,blaOXA-1,blaSHV-12,blaTEM-1,catA=HMM,catA2,catB3,dfrA12,dfrA19,fosA,mcr-9.1,mph(A),oqxB,qnrA1,sul1,tet(D)"	"aac(3)-IId,aac(6')-Ib-cr5,aac(6')-Ib4,aadA2,aph(3'')-Ib,aph(6)-Id,arr-3,blaACT-53,blaIMP-4,blaOXA-1,blaSHV-12,blaTEM-1,catA=HMM,catA2,catB3,dfrA12,dfrA19,fosA,mph(A),oqxB,qnrA1,sul1,tet(D)"	37	"arsC,arsC=HMM,arsD=HMM,asr=HMM,fieF,merA,merA=HMM,merC=HMM,merD,merE,merE=HMM,merF,merP,merP=HMM,merR,merT,pcoA,pcoB,pcoC,pcoD,pcoE,pcoR,pcoS=PARTIAL_END_OF_CONTIG,qacE,qacEdelta1,qacG2,silA,silB,silC,silE,silF,silP,silR,silS,terD,terW,terZ"	0	NULL	3.10.24	2022-04-04.1	COMBINED	1
PDT001336973.2|SAMN28189581|GCA_023751065.1|Enterobacter chengduensis||C210256|Microbe	NULL	NULL	NULL	NULL	NULL	NULL	NULL	NULL	GCA_023751065.1	Scaffold	223242	4719940	53	SPAdes v. 3.15.1	Microbe	PRJNA837096	The Second Affiliated Hospital Zhejiang University School of Medicine	SAMN28189581	"C210256"	NULL	2021	clinical	33925208	China: Shandong	Homo sapiens	NULL	NULL	NULL	NULL	NULL	C210256	Enterobacter chengduensis	NULL	NULL	2494701	NULL	NULL	C210256	NULL	NULL	PDT001336973.2	2022-06-16	2494701	JAMGJG	JAMGJG000000000.1	NULL	NULL	NULL	0	0	0	0	5	5	NULL	"blaACT-48,catA=HMM,fosA,oqxB,qnrS1"	"blaACT-48,catA=HMM,fosA,oqxB,qnrS1"	4	"arsC=HMM,asr=HMM,fieF,silA"	0	NULL	3.11.2	2023-04-17.1	COMBINED	1
PDT001336992.2|SAMN28189563|GCA_023751465.1|Enterobacter chengduensis||C210236|Microbe	NULL	NULL	NULL	NULL	NULL	NULL	NULL	NULL	GCA_023751465.1	Scaffold	154507	5028235	85	SPAdes v. 3.15.1	Microbe	PRJNA837096	The Second Affiliated Hospital Zhejiang University School of Medicine	SAMN28189563	"C210236"	NULL	2021	clinical	33925588	China: Zhejiang	Homo sapiens	NULL	NULL	NULL	NULL	NULL	C210236	Enterobacter chengduensis	NULL	NULL	2494701	NULL	NULL	C210236	NULL	NULL	PDT001336992.2	2022-06-16	2494701	JAMGJY	JAMGJY000000000.1	NULL	NULL	NULL	0	0	0	0	15	15	NULL	"aac(3)-IIe,aac(6')-Ib-cr5,aph(3'')-Ib,aph(6)-Id,blaACT-53,blaCTX-M-15,blaOXA-1,blaTEM-1,catA=HMM,catB3=PARTIAL_END_OF_CONTIG,dfrA14,fosA,oqxB,qnrB1,tet(A)"	"aac(3)-IIe,aac(6')-Ib-cr5,aph(3'')-Ib,aph(6)-Id,blaACT-53,blaCTX-M-15,blaOXA-1,blaTEM-1,catA=HMM,catB3=PARTIAL_END_OF_CONTIG,dfrA14,fosA,oqxB,qnrB1,tet(A)"	23	"arsC=HMM,asr=HMM,clpK,fieF,hsp20,ncrA,ncrB,ncrC,pcoA,pcoB,pcoC,pcoD,pcoE,pcoR,pcoS,silA,silB,silC,silE,silF,silP,silR,silS"	2	"ybtP,ybtQ"	3.11.2	2023-04-17.1	COMBINED	1
PDT001337026.2|SAMN28189527|GCA_023752145.1|Enterobacter chengduensis||C210198|Microbe	NULL	NULL	NULL	NULL	NULL	NULL	NULL	NULL	GCA_023752145.1	Scaffold	168704	5008982	72	SPAdes v. 3.15.1	Microbe	PRJNA837096	The Second Affiliated Hospital Zhejiang University School of Medicine	SAMN28189527	"C210198"	NULL	2021	clinical	33926308	China: Zhejiang	Homo sapiens	NULL	NULL	NULL	NULL	NULL	C210198	Enterobacter chengduensis	NULL	NULL	2494701	NULL	NULL	C210198	NULL	NULL	PDT001337026.2	2022-06-16	2494701	JAMGLI	JAMGLI000000000.1	NULL	NULL	NULL	0	0	0	0	4	4	NULL	"blaACT-53,catA=HMM,fosA,oqxB"	"blaACT-53,catA=HMM,fosA,oqxB"	21	"arsC=HMM,asr=HMM,fieF,ncrA,ncrB,ncrC,pcoA,pcoB,pcoC,pcoD,pcoE,pcoR,pcoS,silA,silB,silC,silE,silF,silP,silR,silS"	0	NULL	3.11.2	2023-04-17.1	COMBINED	1
PDT001337101.2|SAMN28189452|GCA_023753655.1|Enterobacter chengduensis||C210031|Microbe	NULL	NULL	NULL	NULL	NULL	NULL	NULL	NULL	GCA_023753655.1	Scaffold	116271	5520852	126	SPAdes v. 3.15.1	Microbe	PRJNA837096	The Second Affiliated Hospital Zhejiang University School of Medicine	SAMN28189452	"C210031"	NULL	2021	clinical	33927808	China: Zhejiang	Homo sapiens	NULL	NULL	NULL	NULL	NULL	C210031	Enterobacter chengduensis	NULL	NULL	2494701	NULL	NULL	C210031	NULL	NULL	PDT001337101.2	2022-06-16	2494701	JAMGOE	JAMGOE000000000.1	NULL	NULL	NULL	0	0	0	0	11	11	NULL	"aadA2,aph(3'')-Ib,aph(6)-Id,blaACT-53,blaKPC-2,catA=HMM,dfrA12,fosA,oqxB,qnrS1,sul1"	"aadA2,aph(3'')-Ib,aph(6)-Id,blaACT-53,blaKPC-2,catA=HMM,dfrA12,fosA,oqxB,qnrS1,sul1"	37	"arsA,arsB,arsC,arsC=HMM,arsD,arsR,asr=HMM,fieF,merA,merC=HMM,merD,merE,merP=HMM,merR,merT,ncrA,ncrB,ncrC,pcoA,pcoB,pcoC,pcoD,pcoE,pcoR,pcoS,qacEdelta1,silA,silB,silC,silE,silF,silP,silR,silS,terD,terW,terZ"	0	NULL	3.11.2	2023-04-17.1	COMBINED	1
PDT001366539.1|SAMN27533592|GCA_024379715.1|Enterobacter chengduensis||ST-414|Microbe	NULL	NULL	NULL	PAIRED	NULL	NULL	ILLUMINA	SRR18729812	GCA_024379715.1	Contig	101429	5182026	97	SKESA v. 2.2	Microbe	PRJNA825705	Ares Genetics	SAMN27533592	"ENCL-501","SRS12585876","ST-414","patient 22"	NULL	NULL	clinical	34832438	USA	Homo sapiens	NULL	blood	NULL	NULL	NULL	ENCL-501	Enterobacter chengduensis	NULL	NULL	2494701	ARES GENETICS	2022-07-15	ST-414	NULL	NULL	PDT001366539.1	2022-07-22	2494701	DAIHWO	DAIHWO000000000.1	NULL	NULL	NULL	0	0	0	0	9	9	NULL	"aac(6')-Ib4,blaACT-53,blaKPC-2,blaTEM-1,catA=HMM,fosA,oqxB,qnrA1,sul1"	"aac(6')-Ib4,blaACT-53,blaKPC-2,blaTEM-1,catA=HMM,fosA,oqxB,qnrA1,sul1"	34	"arsC=HMM,asr=HMM,fieF,merA,merA=HMM,merB,merD,merD=HMM,merE,merE=HMM,merF,merP,merR,merT,ncrA,ncrB,ncrC,pcoA,pcoB,pcoC,pcoD,pcoE,pcoR,pcoS,qacE=PARTIAL_END_OF_CONTIG,qacEdelta1,silA,silB,silC,silE,silF,silP,silR,silS"	0	NULL	3.10.30	2022-05-26.1	COMBINED	1
PDT001484004.2|SAMN27409735|GCA_026115805.1|Enterobacter chengduensis||HD7427|Pathogen: clinical or host-associated	NULL	NULL	NULL	NULL	NULL	NULL	NULL	NULL	GCA_026115805.1	Contig	119791	5528769	112	SPAdes v. 3.11	Pathogen: clinical or host-associated	PRJNA824645	The Second Affiliated Hospital of Soochow University	SAMN27409735	"HD7427"	Sichuan Provincial People's Hospital	2020-06-01	clinical	37310548	China: Sichuan, Chengdu	Homo sapiens	NULL	Indwelling catheter	30.67 N 104.05 E	NULL	NULL	HD7427	Enterobacter chengduensis	NULL	NULL	2494701	NULL	NULL	HD7427	NULL	NULL	PDT001484004.2	2022-11-10	2494701	JAMFVU	JAMFVU000000000.1	NULL	NULL	NULL	0	0	0	0	9	9	NULL	"ant(2'')-Ia,blaACT-53,blaNDM-1,ble,catA=HMM,fosA,oqxB,qnrS1,sul1=PARTIAL_END_OF_CONTIG"	"ant(2'')-Ia,blaACT-53,blaNDM-1,ble,catA=HMM,fosA,oqxB,qnrS1,sul1=PARTIAL_END_OF_CONTIG"	34	"arsC,arsC=HMM,asr=HMM,fieF,merA,merB,merD,merE,merP,merR,merT,ncrA,ncrB,ncrC,pcoA,pcoB,pcoC,pcoD,pcoE,pcoR,pcoS,qacE=PARTIAL,qacE=PARTIAL_END_OF_CONTIG,silA,silB,silC,silE,silF,silP,silR,silS,terD,terW,terZ"	0	NULL	3.11.2	2023-04-17.1	COMBINED	1
PDT001484005.2|SAMN27409734|GCA_026115845.1|Enterobacter chengduensis||HD7423|Pathogen: clinical or host-associated	NULL	NULL	NULL	NULL	NULL	NULL	NULL	NULL	GCA_026115845.1	Contig	138141	5167297	72	SPAdes v. 3.11	Pathogen: clinical or host-associated	PRJNA824645	The Second Affiliated Hospital of Soochow University	SAMN27409734	"HD7423"	Sichuan Provincial People's Hospital	2020-05-27	clinical	37310568	China: Sichuan, Chengdu	Homo sapiens	NULL	Peritoneal drainage fluid	30.67 N 104.05 E	NULL	NULL	HD7423	Enterobacter chengduensis	NULL	NULL	2494701	NULL	NULL	HD7423	NULL	NULL	PDT001484005.2	2022-11-10	2494701	JAMFVV	JAMFVV000000000.1	NULL	NULL	NULL	0	0	0	0	8	8	NULL	"ant(2'')-Ia,blaACT-53,blaNDM-1,ble,catA=HMM,fosA,oqxB,sul1"	"ant(2'')-Ia,blaACT-53,blaNDM-1,ble,catA=HMM,fosA,oqxB,sul1"	30	"arsC=HMM,asr=HMM,fieF,merA,merB,merD,merE,merP,merR,merT,ncrA,ncrB,ncrC,pcoA,pcoB,pcoC,pcoD,pcoE,pcoR,pcoS,qacE=PARTIAL,qacEdelta1,silA,silB,silC,silE,silF,silP,silR,silS"	0	NULL	3.11.2	2023-04-17.1	COMBINED	1
PDT001484012.2|SAMN27409732|GCA_026115975.1|Enterobacter chengduensis||HD7411|Pathogen: clinical or host-associated	NULL	NULL	NULL	NULL	NULL	NULL	NULL	NULL	GCA_026115975.1	Contig	154581	5168893	67	SPAdes v. 3.11	Pathogen: clinical or host-associated	PRJNA824645	The Second Affiliated Hospital of Soochow University	SAMN27409732	"HD7411"	Sichuan Provincial People's Hospital	2020-05-08	clinical	37310718	China: Sichuan, Chengdu	Homo sapiens	NULL	Urinary tract	30.67 N 104.05 E	NULL	NULL	HD7411	Enterobacter chengduensis	NULL	NULL	2494701	NULL	NULL	HD7411	NULL	NULL	PDT001484012.2	2022-11-10	2494701	JAMFVX	JAMFVX000000000.1	NULL	NULL	NULL	0	0	0	0	8	8	NULL	"ant(2'')-Ia,blaACT-53,blaNDM-1,ble,catA=HMM,fosA,oqxB,sul1"	"ant(2'')-Ia,blaACT-53,blaNDM-1,ble,catA=HMM,fosA,oqxB,sul1"	30	"arsC=HMM,asr=HMM,fieF,merA,merB,merD,merE,merP,merR,merT,ncrA,ncrB,ncrC,pcoA,pcoB,pcoC,pcoD,pcoE,pcoR,pcoS,qacE=PARTIAL,qacEdelta1,silA,silB,silC,silE,silF,silP,silR,silS"	0	NULL	3.11.2	2023-04-17.1	COMBINED	1
PDT001484028.2|SAMN27409710|GCA_026116305.1|Enterobacter chengduensis||HD5030|Pathogen: clinical or host-associated	NULL	NULL	NULL	NULL	NULL	NULL	NULL	NULL	GCA_026116305.1	Contig	138141	5194792	71	SPAdes v. 3.11	Pathogen: clinical or host-associated	PRJNA824645	The Second Affiliated Hospital of Soochow University	SAMN27409710	"HD5030"	Sichuan Provincial People's Hospital	2018-09-18	clinical	37311028	China: Sichuan, Chengdu	Homo sapiens	NULL	blood	30.67 N 104.05 E	NULL	NULL	HD5030	Enterobacter chengduensis	NULL	NULL	2494701	NULL	NULL	HD5030	NULL	NULL	PDT001484028.2	2022-11-10	2494701	JAMFWT	JAMFWT000000000.1	NULL	NULL	NULL	0	0	0	0	8	8	NULL	"ant(2'')-Ia,blaACT-53,blaNDM-1,ble,catA=HMM,fosA,oqxB,sul1"	"ant(2'')-Ia,blaACT-53,blaNDM-1,ble,catA=HMM,fosA,oqxB,sul1"	30	"arsC=HMM,asr=HMM,fieF,merA,merB,merD,merE,merP,merR,merT,ncrA,ncrB,ncrC,pcoA,pcoB,pcoC,pcoD,pcoE,pcoR,pcoS,qacE=PARTIAL,qacEdelta1,silA,silB,silC,silE,silF,silP,silR,silS"	0	NULL	3.11.2	2023-04-17.1	COMBINED	1
PDT001543670.1|SAMEA112238870|GCA_027259395.1|Enterobacter chengduensis|||Generic	NULL	NULL	NULL	PAIRED	NULL	NULL	ILLUMINA	ERR10670786	GCA_027259395.1	Contig	110808	5045020	111	SKESA v. 2.2	Generic	PRJEB44720	CARDIFF UNIVERSITY	SAMEA112238870	"ERS14349760","NN-BR1691","Swab"	NULL	2016	clinical	38926838	Nigeria	Homo sapiens	NULL	Rectal Swab	9.0820? N, 8.6753? E	NULL	NULL	NULL	Enterobacter chengduensis	NULL	NULL	2494701	CARDIFF UNIVERSITY	2022-12-16	NULL	NULL	NULL	PDT001543670.1	2022-12-22	2494701	DALQKU	DALQKU000000000.1	NULL	NULL	NULL	0	0	0	0	13	13	NULL	"aac(3)-IIe,aac(6')-Ib-cr5,blaACT-53,blaCTX-M-15,blaOXA-1,catA=HMM,catB3=PARTIAL_END_OF_CONTIG,dfrA14,fosA,oqxB,oqxB=PARTIAL_END_OF_CONTIG,qnrB1,tet(A)"	"aac(3)-IIe,aac(6')-Ib-cr5,blaACT-53,blaCTX-M-15,blaOXA-1,catA=HMM,catB3=PARTIAL_END_OF_CONTIG,dfrA14,fosA,oqxB,oqxB=PARTIAL_END_OF_CONTIG,qnrB1,tet(A)"	29	"arsC=HMM,asr=HMM,fieF,hsp20,merA,merC=HMM,merD,merE,merP=HMM,merR,merT,ncrA,ncrB,ncrC,pcoA,pcoB,pcoC,pcoD,pcoE,pcoR,pcoS,silA,silB,silC,silE,silF,silP,silR,silS"	2	"ybtP,ybtQ"	3.10.42	2022-10-11.2	COMBINED	1
PDT001611002.1|SAMN30220793||Enterobacter chengduensis||COV_426|Pathogen: clinical or host-associated	NULL	NULL	NULL	PAIRED	NULL	NULL	ILLUMINA	SRR21018005	NULL	NULL	197601	5428666	139	NULL	Pathogen: clinical or host-associated	PRJNA867733	NYU Grossman School of Medicine	SAMN30220793	"COV_426","SRS14619161"	NYU Biorepository	NULL	clinical	NULL	USA: New York	Homo sapiens	NULL	respiratory	40.7128 N 74.0060 W	NULL	NULL	COV_426	Enterobacter chengduensis	NULL	NULL	2494701	NYU GROSSMAN SCHOOL OF MEDICINE	2023-02-02	COV_426	NULL	NULL	PDT001611002.1	2023-02-08	2494701	NULL	NULL	NULL	NULL	NULL	0	0	0	0	10	10	NULL	"aac(3)-Ia,aac(6')-Ib3,aadA1,aadA2,blaACT-48,blaSHV-5,fosA,oqxA,oqxB,sul1"	"aac(3)-Ia,aac(6')-Ib3,aadA1,aadA2,blaACT-48,blaSHV-5,fosA,oqxA,oqxB,sul1"	25	"fieF,merA,merD,merE,merR,merT,pcoA,pcoB,pcoC,pcoD,pcoE,pcoR,pcoS,qacEdelta1,silA,silB,silC,silE,silF,silP,silR,silS,terD,terW,terZ"	0	NULL	3.11.2	2022-12-19.1	NUCLEOTIDE	1
PDT001694295.1|SAMN32721518||Enterobacter chengduensis||CPO272|Pathogen: clinical or host-associated	NULL	NULL	NULL	PAIRED	NULL	NULL	ILLUMINA	SRR23384838	NULL	NULL	219491	5522508	114	NULL	Pathogen: clinical or host-associated	PRJNA924056	Monash University	SAMN32721518	"CPO272","SRS16721154"	Monash University	2019-09-16	clinical	NULL	Australia: Melbourne	Homo sapiens	Skin and soft tissue infection	Skin and soft tissue	37.85 S 144.98 E	NULL	NULL	CPO272	Enterobacter chengduensis	NULL	NULL	2494701	MONASH UNIVERSITY	2023-04-17	CPO272	NULL	NULL	PDT001694295.1	2023-04-19	2494701	NULL	NULL	NULL	NULL	NULL	0	0	0	0	17	16	NULL	"aac(6')-Ib4,aph(3'')-Ib,aph(6)-Id,blaACT-63,blaIMP-4,blaSHV-12,blaTEM-1,catA2,catB3,dfrA19,fosA,mcr-9.1,mph(A),oqxA,oqxB,qnrB2,sul1"	"aac(6')-Ib4,aph(3'')-Ib,aph(6)-Id,blaACT-63,blaIMP-4,blaSHV-12,blaTEM-1,catA2,catB3,dfrA19,fosA,mph(A),oqxA,oqxB,qnrB2,sul1"	38	"arsC,clpK=PARTIAL_END_OF_CONTIG,fieF,hdeD-GI,kefB-GI,merA=PARTIAL_END_OF_CONTIG,merB=PARTIAL_END_OF_CONTIG,merD,merE,merP,merR,merT,pcoA,pcoB,pcoC,pcoD,pcoE,pcoR,pcoS=PARTIAL_END_OF_CONTIG,psi-GI,qacE=PARTIAL_END_OF_CONTIG,qacEdelta1,qacG2,shsP,silA,silB,silC,silE,silF,silP,silR,silS,terD,terW,terZ,trxLHR,yfdX1,yfdX2"	0	NULL	3.11.2	2023-02-23.1	NUCLEOTIDE	1
PDT001701440.1|SAMD00498559||Enterobacter chengduensis||JBBDAAF-19-0140|Pathogen: clinical or host-associated	NULL	NULL	NULL	PAIRED	NULL	NULL	ILLUMINA	DRR387063	NULL	NULL	98564	5460327	134	NULL	Pathogen: clinical or host-associated	PRJDB10842	Antimicrobial Resistance Research Center, National Institute of Infectious Diseases	SAMD00498559	"DRS296976","JBBDAAF-19-0140"	AMRRC, NIID	2020-08-31	clinical	NULL	Japan:Tokyo	Homo sapiens	NULL	stool	35.689634 N 139.692101 E	NULL	NULL	NULL	Enterobacter chengduensis	NULL	NULL	2494701	NIID	2023-04-25	JBBDAAF-19-0140	NULL	NULL	PDT001701440.1	2023-04-25	2494701	NULL	NULL	NULL	NULL	NULL	0	0	0	0	10	10	NULL	"aac(6')-31,aadA1,blaACT-53,blaIMP-19,blaOXA-21,fosA,oqxA,oqxB,qnrB6,sul1"	"aac(6')-31,aadA1,blaACT-53,blaIMP-19,blaOXA-21,fosA,oqxA,oqxB,qnrB6,sul1"	31	"arsC,fieF,merA,merB,merD,merE,merR,merT,ncrA,ncrB,ncrC,pcoA,pcoB,pcoC,pcoD,pcoD=PARTIAL_END_OF_CONTIG,pcoE,pcoS,pcoS=PARTIAL_END_OF_CONTIG,qacEdelta1,silA,silB,silC,silE,silF,silP,silR,silS,terD,terW,terZ"	0	NULL	3.11.2	2023-04-17.1	NUCLEOTIDE	1
PDT001701869.1|SAMD00501959||Enterobacter chengduensis||JBEAAAI-19-0025|Pathogen: clinical or host-associated	NULL	NULL	NULL	PAIRED	NULL	NULL	ILLUMINA	DRR390463	NULL	NULL	177542	4945939	86	NULL	Pathogen: clinical or host-associated	PRJDB10842	Antimicrobial Resistance Research Center, National Institute of Infectious Diseases	SAMD00501959	"DRS301528","JBEAAAI-19-0025"	AMRRC, NIID	2019-09-02	clinical	NULL	Japan:Fukuoka	Homo sapiens	NULL	stool	33.606314 N 130.418029 E	NULL	NULL	NULL	Enterobacter chengduensis	NULL	NULL	2494701	NIID	2023-04-25	JBEAAAI-19-0025	NULL	NULL	PDT001701869.1	2023-04-25	2494701	NULL	NULL	NULL	NULL	NULL	0	0	0	0	6	6	NULL	"aac(6')-Ib,aadA22,blaACT-48,blaIMP-1,fosA,sul1"	"aac(6')-Ib,aadA22,blaACT-48,blaIMP-1,fosA,sul1"	9	"fieF,merA,merD,merE,merR,merT,qacEdelta1,qacG2,silA"	0	NULL	3.11.2	2023-04-17.1	NUCLEOTIDE	1
PDT001701960.1|SAMD00502411||Enterobacter chengduensis||JBEHAAB-19-0213|Pathogen: clinical or host-associated	NULL	NULL	NULL	PAIRED	NULL	NULL	ILLUMINA	DRR390915	NULL	NULL	128699	5086044	113	NULL	Pathogen: clinical or host-associated	PRJDB10842	Antimicrobial Resistance Research Center, National Institute of Infectious Diseases	SAMD00502411	"DRS301948","JBEHAAB-19-0213"	AMRRC, NIID	2020-06-10	clinical	NULL	Japan:Okinawa	Homo sapiens	NULL	wound	26.212523 N 127.680771 E	NULL	NULL	NULL	Enterobacter chengduensis	NULL	NULL	2494701	NIID	2023-04-25	JBEHAAB-19-0213	NULL	NULL	PDT001701960.1	2023-04-25	2494701	NULL	NULL	NULL	NULL	NULL	0	0	0	0	14	14	NULL	"aac(3)-IIe,aac(6')-Ib-cr=PARTIAL_END_OF_CONTIG,aac(6')-Ib-cr5,blaACT-53,blaCTX-M-15,blaOXA-1,catB3=PARTIAL,catB3=PARTIAL_END_OF_CONTIG,dfrA14,fosA,oqxA,oqxB,qnrB1,tet(A)"	"aac(3)-IIe,aac(6')-Ib-cr=PARTIAL_END_OF_CONTIG,aac(6')-Ib-cr5,blaACT-53,blaCTX-M-15,blaOXA-1,catB3=PARTIAL,catB3=PARTIAL_END_OF_CONTIG,dfrA14,fosA,oqxA,oqxB,qnrB1,tet(A)"	24	"fieF,merA,merD,merE,merR,merT,ncrA,ncrB,ncrC,pcoA,pcoB,pcoC,pcoD,pcoE,pcoR,pcoS,silA,silB,silC,silE,silF,silP,silR,silS"	2	"ybtP,ybtQ"	3.11.2	2023-04-17.1	NUCLEOTIDE	1
PDT001704196.1|SAMD00498896||Enterobacter chengduensis||JBBDAFG-19-0030|Pathogen: clinical or host-associated	NULL	NULL	NULL	PAIRED	NULL	NULL	ILLUMINA	DRR387400	NULL	NULL	104996	5328146	99	NULL	Pathogen: clinical or host-associated	PRJDB10842	Antimicrobial Resistance Research Center, National Institute of Infectious Diseases	SAMD00498896	"DRS297003","JBBDAFG-19-0030"	AMRRC, NIID	2019-05-03	clinical	NULL	Japan:Tokyo	Homo sapiens	NULL	stool	35.689634 N 139.692101 E	NULL	NULL	NULL	Enterobacter chengduensis	NULL	NULL	2494701	NIID	2023-04-25	JBBDAFG-19-0030	NULL	NULL	PDT001704196.1	2023-04-25	2494701	NULL	NULL	NULL	NULL	NULL	0	0	0	0	9	9	NULL	"aac(6')-IIc,blaACT-53,blaIMP-1,blaTEM-1,fosA,oqxA,oqxB,sul1,sul1=PARTIAL_END_OF_CONTIG"	"aac(6')-IIc,blaACT-53,blaIMP-1,blaTEM-1,fosA,oqxA,oqxB,sul1,sul1=PARTIAL_END_OF_CONTIG"	26	"fieF,merA,merD,merE,merR,merT,ncrA,ncrB,ncrC,pcoA,pcoB,pcoC,pcoD,pcoE,pcoR,pcoS,qacEdelta1,qacL,silA,silB,silC,silE,silF,silP,silR,silS"	0	NULL	3.11.2	2023-04-17.1	NUCLEOTIDE	1
PDT001705276.1|SAMD00501027||Enterobacter chengduensis||JBDAAAB-19-0084|Pathogen: clinical or host-associated	NULL	NULL	NULL	PAIRED	NULL	NULL	ILLUMINA	DRR389531	NULL	NULL	247221	4632033	42	NULL	Pathogen: clinical or host-associated	PRJDB10842	Antimicrobial Resistance Research Center, National Institute of Infectious Diseases	SAMD00501027	"DRS300619","JBDAAAB-19-0084"	AMRRC, NIID	2020-01-24	clinical	NULL	Japan:Wakayama	Homo sapiens	NULL	wound	34.22603 N 135.167467 E	NULL	NULL	NULL	Enterobacter chengduensis	NULL	NULL	2494701	NIID	2023-04-25	JBDAAAB-19-0084	NULL	NULL	PDT001705276.1	2023-04-25	2494701	NULL	NULL	NULL	NULL	NULL	0	0	0	0	0	0	NULL	NULL	NULL	1	"fieF"	2	"iucA,iutA"	3.11.2	2023-04-17.1	NUCLEOTIDE	1
PDT001706098.1|SAMD00501967||Enterobacter chengduensis||JBEAAAI-19-0041|Pathogen: clinical or host-associated	NULL	NULL	NULL	PAIRED	NULL	NULL	ILLUMINA	DRR390471	NULL	NULL	152395	4902361	86	NULL	Pathogen: clinical or host-associated	PRJDB10842	Antimicrobial Resistance Research Center, National Institute of Infectious Diseases	SAMD00501967	"DRS301536","JBEAAAI-19-0041"	AMRRC, NIID	2019-09-24	clinical	NULL	Japan:Fukuoka	Homo sapiens	NULL	stool	33.606314 N 130.418029 E	NULL	NULL	NULL	Enterobacter chengduensis	NULL	NULL	2494701	NIID	2023-04-25	JBEAAAI-19-0041	NULL	NULL	PDT001706098.1	2023-04-25	2494701	NULL	NULL	NULL	NULL	NULL	0	0	0	0	6	6	NULL	"aac(6')-Ib,aadA22,blaACT-48,blaIMP-1,fosA,sul1"	"aac(6')-Ib,aadA22,blaACT-48,blaIMP-1,fosA,sul1"	9	"fieF,merA,merD,merE,merR,merT,qacEdelta1,qacG2,silA"	0	NULL	3.11.2	2023-04-17.1	NUCLEOTIDE	1
PDT001706100.1|SAMD00501970||Enterobacter chengduensis||JBEAAAI-19-0054|Pathogen: clinical or host-associated	NULL	NULL	NULL	PAIRED	NULL	NULL	ILLUMINA	DRR390474	NULL	NULL	149845	4972594	124	NULL	Pathogen: clinical or host-associated	PRJDB10842	Antimicrobial Resistance Research Center, National Institute of Infectious Diseases	SAMD00501970	"DRS301539","JBEAAAI-19-0054"	AMRRC, NIID	2019-10-02	clinical	NULL	Japan:Fukuoka	Homo sapiens	NULL	stool	33.606314 N 130.418029 E	NULL	NULL	NULL	Enterobacter chengduensis	NULL	NULL	2494701	NIID	2023-04-25	JBEAAAI-19-0054	NULL	NULL	PDT001706100.1	2023-04-25	2494701	NULL	NULL	NULL	NULL	NULL	0	0	0	0	11	11	NULL	"aac(6')-Ib,aadA22,aph(3'')-Ib,aph(6)-Id,blaACT-48,blaIMP-1,dfrA14,fosA,qnrS1,sul1,sul2"	"aac(6')-Ib,aadA22,aph(3'')-Ib,aph(6)-Id,blaACT-48,blaIMP-1,dfrA14,fosA,qnrS1,sul1,sul2"	9	"fieF,merA,merD,merE,merR,merT,qacEdelta1,qacG2,silA"	0	NULL	3.11.2	2023-04-17.1	NUCLEOTIDE	1
PDT001706403.1|SAMD00502503||Enterobacter chengduensis||JBEHABI-19-0050|Pathogen: clinical or host-associated	NULL	NULL	NULL	PAIRED	NULL	NULL	ILLUMINA	DRR391007	NULL	NULL	96514	5060193	122	NULL	Pathogen: clinical or host-associated	PRJDB10842	Antimicrobial Resistance Research Center, National Institute of Infectious Diseases	SAMD00502503	"DRS302039","JBEHABI-19-0050"	AMRRC, NIID	2019-06-27	clinical	NULL	Japan:Okinawa	Homo sapiens	NULL	urine	26.212523 N 127.680771 E	NULL	NULL	NULL	Enterobacter chengduensis	NULL	NULL	2494701	NIID	2023-04-25	JBEHABI-19-0050	NULL	NULL	PDT001706403.1	2023-04-25	2494701	NULL	NULL	NULL	NULL	NULL	0	0	0	0	13	13	NULL	"aac(3)-IIe,aac(6')-Ib-cr5,blaACT-53,blaCTX-M-15,blaOXA-1,catB3=PARTIAL,catB3=PARTIAL_END_OF_CONTIG,dfrA14,fosA,oqxA,oqxB,qnrB1,tet(A)"	"aac(3)-IIe,aac(6')-Ib-cr5,blaACT-53,blaCTX-M-15,blaOXA-1,catB3=PARTIAL,catB3=PARTIAL_END_OF_CONTIG,dfrA14,fosA,oqxA,oqxB,qnrB1,tet(A)"	26	"clpK,fieF,hsp20,merA,merD,merE,merR,merT,ncrA,ncrB,ncrC,pcoA,pcoB,pcoC,pcoD,pcoE,pcoR,pcoS,silA,silB,silC,silE,silF,silP,silR,silS"	2	"ybtP,ybtQ"	3.11.2	2023-04-17.1	NUCLEOTIDE	1
PDT001736616.1|SAMN34128695|GCA_030016985.1|Enterobacter chengduensis||CAL4_1|Pathogen: clinical or host-associated	NULL	NULL	NULL	NULL	NULL	NULL	NULL	NULL	GCA_030016985.1	Contig	154364	5122669	97	SPAdes v. AUG-2022	Pathogen: clinical or host-associated	PRJNA953974	Zurita & Zurita Laboratorios	SAMN34128695	"CAL4_1"	Clinica Alcivar	2021-12-04	clinical	42671978	Ecuador: Guayaquil	Homo sapiens	Blood stream infection	blood	0.147564 S 78.491198 W	NULL	NULL	CAL4_1	Enterobacter chengduensis	NULL	NULL	2494701	NULL	NULL	CAL4_1	NULL	NULL	PDT001736616.1	2023-05-15	2494701	JASDEE	JASDEE000000000.1	NULL	NULL	NULL	0	0	0	0	0	0	NULL	NULL	NULL	0	NULL	0	NULL	NULL	NULL	NULL	0
